id,first_name,last_name,dob,zip
1,Alice,Johnson,1985-02-14,55555
2,Bob,Williams,1979-09-09,44444
3,Carol,Martinez,1992-12-01,33333
4,David,Lee,1988-06-18,22222
5,Eva,Garcia,1976-10-25,11111
6,George,Clark,1983-04-17,10101
7,Hannah,Walker,1981-08-22,20202
8,Ian,Hall,1977-12-05,30303
9,Jill,Allen,1986-03-19,40404
10,Kyle,Young,1984-07-28,50505
11,Lauren,Hernandez,1991-11-11,60606
12,Mike,King,1987-05-06,70707
13,Nina,Wright,1974-09-30,80808
14,Oscar,Lopez,1989-01-15,90909
15,Paula,Scott,1982-02-27,12121
16,Quinn,Green,1978-06-13,23232
17,Rachel,Adams,1980-10-03,34343
18,Steve,Baker,1975-03-21,45454
19,Tina,Nelson,1990-07-09,56565
20,Uma,Hill,1983-12-18,67676
21,Vincent,Ramirez,1981-05-29,78787
22,Wendy,Campbell,1977-09-14,89898
23,Xavier,Mitchell,1986-01-23,90900
24,Yvonne,Roberts,1984-04-02,10112
25,Zach,Carter,1991-08-19,21223
26,Amber,Phillips,1987-12-27,32334
27,Ben,Evans,1974-03-08,43445
28,Cara,Turner,1989-07-16,54556
29,Dean,Torres,1982-11-25,65667
30,Ellen,Parker,1978-02-03,76778
31,Fred,Collins,1980-06-21,87889
32,Gina,Edwards,1975-10-12,98990
33,Hank,Stewart,1990-01-30,10001
34,Irene,Sanchez,1983-05-17,20002
35,Jack,Morris,1981-09-26,30003
36,Karen,Rogers,1977-01-05,40004
37,Luke,Reed,1986-04-14,50005
38,Mona,Cook,1984-08-23,60006
39,Nate,Morgan,1991-12-02,70007
40,Olivia,Bell,1987-03-11,80008
41,Paul,Murphy,1974-07-20,90009
42,Quincy,Bailey,1989-11-29,11110
43,Rita,Rivera,1982-02-07,22221
44,Sam,Cooper,1978-06-16,33332
45,Tara,Richardson,1980-10-25,44443
46,Uriel,Cox,1975-03-06,55554
47,Valerie,Howard,1990-07-15,66665
48,Walter,Ward,1983-11-24,77776
49,Xena,Brooks,1981-05-03,88887
50,Yuri,Diaz,1977-09-12,99998
51,Zoe,Gray,1986-01-21,10109
52,Adam,James,1984-04-30,21210
53,Bella,Bennett,1991-08-09,32321
54,Chris,Wood,1987-12-18,43432
55,Daisy,Barnes,1974-03-27,54543
56,Eddie,Ross,1989-07-06,65654
57,Fiona,Henderson,1982-11-15,76765
58,Gary,Coleman,1978-02-24,87876
59,Hailey,Jenkins,1980-06-03,98987
60,Ian,Perry,1975-10-22,10098
61,Jenna,Powell,1990-01-11,21109
62,Kurt,Long,1983-05-20,32210
63,Lisa,Patterson,1981-09-29,43321
64,Mason,Hughes,1977-01-08,54432
65,Nora,Flores,1986-04-17,65543
66,Owen,Washington,1984-08-26,76654
67,Pam,Butler,1991-12-05,87765
68,Quinn,Simmons,1987-03-14,98876
69,Rick,Foster,1974-07-23,10987
70,Sara,Gonzales,1989-11-01,21098
71,Ted,Bryant,1982-02-10,32109
72,Una,Alexander,1978-06-19,43210
73,Vic,Russell,1980-10-28,54321
74,Willa,Griffin,1975-03-17,65432
75,Xander,Diaz,1990-07-26,76543
76,Yasmin,Hayes,1983-12-05,87654
77,Zane,Myers,1981-05-14,98765
78,April,Ford,1977-09-23,10976
79,Bryce,Hamilton,1986-01-02,21097
80,Cleo,Graham,1984-04-11,32108
81,Derek,Sullivan,1991-08-20,43219
82,Eva,Wallace,1987-12-29,54320
83,Finn,Woods,1974-03-08,65431
84,Gia,Cole,1989-07-17,76542
85,Hugo,West,1982-11-26,87653
86,Ivy,Jordan,1978-02-04,98764
87,Jake,Owens,1980-06-13,10975
88,Kate,Reynolds,1975-10-22,21096
89,Leo,Fisher,1990-01-11,32107
90,Maya,Ellis,1983-05-20,43218
91,Nico,Harrison,1981-09-29,54329
92,Opal,Gibson,1977-01-08,65430
93,Pete,McDonald,1986-04-17,76541
94,Quinn,Cruz,1984-08-26,87652
95,Ruby,Marshall,1991-12-05,98763
96,Sean,Ortiz,1987-03-14,10974
97,Tina,Gomez,1974-07-23,21095
98,Uma,Murray,1989-11-01,32106
99,Vera,Freeman,1982-02-10,43217
100,Wes,Wells,1978-06-19,54328
101,Xena,Webb,1980-10-28,65439
102,Yuri,Simpson,1975-03-17,76540
103,Zara,Stevens,1990-07-26,87651
104,Alex,Tucker,1983-12-05,98762
105,Bella,Porter,1981-05-14,10973
106,Cole,Hunter,1977-09-23,21094
107,Dana,Hicks,1986-01-02,32105
108,Eli,Robertson,1984-04-11,43216
109,Faye,Black,1991-08-20,54327
110,Gus,Hart,1987-12-29,65438
111,Hope,Daniels,1974-03-08,76549
112,Ian,Montgomery,1989-07-17,87650
113,Jade,Oliver,1982-11-26,98761
114,Kyle,Stone,1978-02-04,10972
115,Lily,Jacobs,1980-06-13,21093
116,Milo,Watson,1975-10-22,32104
117,Nina,Davidson,1990-01-11,43215
118,Oscar,Reyes,1983-05-20,54326
119,Pam,Kim,1981-09-29,65437
120,Quinn,Day,1977-01-08,76548
121,Rick,Carroll,1986-04-17,87659
122,Sara,Dean,1984-08-26,98760
123,Ted,Lucas,1991-12-05,10971
124,Una,Arnold,1987-03-14,21092
125,Vic,Harper,1974-07-23,32103
126,Willa,Fuller,1989-11-01,43214
127,Xander,Stephens,1982-02-10,54325
128,Yasmin,Payne,1978-06-19,65436
129,Zane,Pierce,1980-10-28,76547
130,April,Berry,1975-03-17,87658
131,Bryce,Matthews,1990-07-26,98769
132,Cleo,Arnold,1983-12-05,10970
133,Derek,Grant,1981-05-14,21091
134,Eva,Howell,1977-09-23,32102
135,Finn,Williamson,1986-01-02,43213
136,Gia,Spencer,1984-04-11,54324
137,Hugo,Ray,1991-08-20,65435
138,Ivy,Watkins,1987-12-29,76546
139,Jake,Tran,1974-03-08,87657
140,Kate,Lawson,1989-07-17,98768
141,Leo,Weaver,1982-11-26,10969
142,Maya,Greene,1978-02-04,21090
143,Nico,Burke,1980-06-13,32101
144,Opal,Marshall,1975-10-22,43212
145,Pete,Owens,1990-01-11,54323
146,Quinn,Simpson,1983-05-20,65434
147,Ruby,Porter,1981-09-29,76545
148,Sean,Jordan,1977-01-08,87656
149,Tina,Reynolds,1986-04-17,98767
150,Uma,Daniels,1984-08-26,10968
151,Vera,Bishop,1991-12-05,21089
152,Wes,Reed,1987-03-14,32100
153,Xena,Garza,1974-07-23,43211
154,Yuri,Franklin,1989-11-01,54322
155,Zara,Lawrence,1982-02-10,65433
156,Alex,Fields,1978-06-19,76544
157,Bella,Willis,1980-10-28,87655
158,Cole,Chapman,1975-03-17,98766
159,Dana,Watts,1990-07-26,10967
160,Eli,Tran,1983-12-05,21088
161,Faye,Atkins,1981-05-14,32111
162,Gus,Watson,1977-09-23,43222
163,Hope,Freeman,1986-01-02,54333
164,Ian,Griffith,1984-04-11,65444
165,Jade,Carroll,1991-08-20,76555
166,Kyle,Dean,1987-12-29,87666
167,Lily,Lucas,1974-03-08,98777
168,Milo,Arnold,1989-07-17,10966
169,Nina,Grant,1982-11-26,21087
170,Oscar,Howell,1978-02-04,32122
171,Pam,Williamson,1980-06-13,43233
172,Quinn,Spencer,1975-10-22,54344
173,Rick,Ray,1990-01-11,65455
174,Sara,Watkins,1983-05-20,76566
175,Ted,Tran,1981-09-29,87677
176,Una,Lawson,1977-01-08,98788
177,Vic,Weaver,1986-04-17,10965
178,Willa,Greene,1984-08-26,21086
179,Xander,Burke,1991-12-05,32133
180,Yasmin,Marshall,1987-03-14,43244
181,Zane,Owens,1974-07-23,54355
182,April,Simpson,1989-11-01,65466
183,Bryce,Porter,1982-02-10,76577
184,Cleo,Jordan,1978-06-19,87688
185,Derek,Reynolds,1980-10-28,98799
186,Eva,Daniels,1975-03-17,10964
187,Finn,Bishop,1990-07-26,21085
188,Gia,Reed,1983-12-05,32144
189,Hugo,Garza,1981-05-14,43255
190,Ivy,Franklin,1977-09-23,54366
191,Jake,Lawrence,1986-01-02,65477
192,Kate,Fields,1984-04-11,76588
193,Leo,Willis,1991-08-20,87699
194,Maya,Chapman,1987-12-29,10963
195,Nico,Watts,1974-03-08,21084
196,Opal,Tran,1989-07-17,32155
197,Pete,Atkins,1982-11-26,43266
198,Quinn,Watson,1978-02-04,54377
199,Ruby,Freeman,1980-06-13,65488
200,Sean,Griffith,1975-10-22,76599
